-- Все insert запросы были сгенерированы автоматически.
-- После генерации вводились незначительные правки.

-- 60 inserts
insert into osh.client
(client_id, name, gender, birthday_dt, phone, email)
values
    (2657,'Masree','M','1974-03-21','+74384072587','Masree@gmail.com'),
    (3200,'Hrychleah','M','2001-11-08','+78271941550','Hrychleah@gmail.com'),
    (19586,'Melita','F','1989-07-20','+72436895457','Melita@gmail.com'),
    (20727,'Anatolie','M','1974-06-15','+73915684253','N'),
    (20352,'Devere','M','1993-01-04','+72799680463','Devere@gmail.com'),
    (305,'Josette','F','1988-02-12','+70889751853','Josette@gmail.com'),
    (21772,'Eagan','M','2002-04-18','+74304123284','Eagan@gmail.com'),
    (21302,'Adalheida','N','1992-11-19','+74517333049','Adalheida@gmail.com'),
    (12689,'Glaedwine','M','9999-12-31','+78978144192','N'),
    (9050,'Kneph','N','1977-08-07','+70736286295','Kneph@gmail.com'),
    (12212,'Arvis','M','2004-04-04','+77316690886','N'),
    (18521,'Dennis','M','1976-03-17','+72568462584','N'),
    (21186,'Egbertyne','F','1977-04-14','+77071399391','N'),
    (19221,'Floretta','F','2004-09-10','+75310051057','Floretta@gmail.com'),
    (13647,'Anthony','M','1969-12-04','+78898760881','Anthony@gmail.com'),
    (9605,'Gunnel','F','9999-12-31','+70399630953','Gunnel@gmail.com'),
    (16074,'Jem','M','1969-11-07','+72077518448','Jem@gmail.com'),
    (22257,'Adalwolf','M','1970-05-14','+70037188504','Adalwolf@gmail.com'),
    (17054,'Erzsebet','F','1994-09-15','+77182008805','Erzsebet@gmail.com'),
    (23606,'Rufo','M','1973-01-17','+75521110200','Rufo@gmail.com'),
    (19975,'Ghita','F','1995-04-03','+78288276338','Ghita@gmail.com'),
    (17814,'Evangeline','F','1970-06-26','+76952999620','Evangeline@gmail.com'),
    (15755,'Rousset','M','1988-08-02','+75584193280','Rousset@gmail.com'),
    (2700,'Gillecriosd','M','1992-06-28','+72112511241','Gillecriosd@gmail.com'),
    (18754,'Annie','F','9999-12-31','+74606339547','Annie@gmail.com'),
    (15482,'Rolf','M','1970-08-15','+74481852337','Rolf@gmail.com'),
    (11429,'Rand','M','1970-03-07','+71170546970','Rand@gmail.com'),
    (19027,'Thea','F','1977-03-24','+72947326510','Thea@gmail.com'),
    (10458,'Clovis','M','1980-07-11','+75876864954','Clovis@gmail.com'),
    (19596,'Starr','F','1975-01-20','+77548799338','N'),
    (13935,'Vared','F','1985-10-02','+75221138783','Vared@gmail.com'),
    (1667,'Hamidah','F','1997-09-05','+71575909109','N'),
    (16737,'Abdikarim','N','2004-10-09','+74676027975','Abdikarim@gmail.com'),
    (22048,'Jawad','N','1977-11-05','+78705355244','Jawad@gmail.com'),
    (14286,'Lachesis','F','1972-08-20','+79275392591','Lachesis@gmail.com'),
    (351,'Goldwyn','M','1984-01-12','+77144631334','Goldwyn@gmail.com'),
    (17713,'Diahna','F','1990-06-18','+78380000866','Diahna@gmail.com'),
    (21598,'Farrel','N','1976-12-22','+73276428983','Farrel@gmail.com'),
    (15721,'Laoidhigh','N','2002-08-27','+75790632961','Laoidhigh@gmail.com'),
    (800,'Montrel','M','1978-12-04','+73060256415','Montrel@gmail.com'),
    (13518,'Ailean','M','1980-07-04','+77405735967','Ailean@gmail.com'),
    (22731,'Bocleah','N','1973-07-10','+78307625689','Bocleah@gmail.com'),
    (13598,'Acim','N','2007-08-22','+77231173932','Acim@gmail.com'),
    (13207,'Tilford','M','1998-10-04','+72353932707','Tilford@gmail.com'),
    (19509,'Hollee','F','1983-03-25','+76319179649','N'),
    (21364,'Shelden','M','2000-12-18','+73612243765','Shelden@gmail.com'),
    (8322,'An','F','1972-01-15','+77112792894','An@gmail.com'),
    (23977,'Jailyn','F','9999-12-31','+71658567657','Jailyn@gmail.com'),
    (19540,'Hildegard','F','2007-11-07','+73273969099','Hildegard@gmail.com'),
    (35,'Genevieve','F','2007-04-05','+77649449610','Genevieve@gmail.com'),
    (22745,'Edwardson','M','1971-11-02','+72046629564','Edwardson@gmail.com'),
    (15416,'Burford','M','1990-10-21','+73151223396','Burford@gmail.com'),
    (8235,'Norville','M','2004-01-22','+75655369101','Norville@gmail.com'),
    (17348,'Elliot','M','9999-12-31','+78440284265','Elliot@gmail.com'),
    (6576,'Adan','M','1983-04-18','+79357084346','Adan@gmail.com'),
    (24985,'Ghislain','M','1998-02-06','+75280457069','Ghislain@gmail.com'),
    (7624,'Cearbhall','M','1986-02-22','+70650780506','Cearbhall@gmail.com'),
    (8858,'Lazarus','M','2006-04-22','+75032174312','Lazarus@gmail.com'),
    (7747,'Terryn','F','1983-03-13','+70324128202','Terryn@gmail.com'),
    (1328,'Farron','N','1970-08-15','+70049693708','Farron@gmail.com');



-- 300 inserts
insert into osh.order
(order_id, client_id, order_dt, payment_way)
values
    (10113,7747,'2022-01-27','card'),
    (17389,11429,'2022-04-09','card'),
    (13609,19509,'2023-08-04','card'),
    (14586,10458,'2023-05-02','card'),
    (5484,20352,'2021-09-01','card'),
    (10553,305,'2023-08-21','cash'),
    (17933,19975,'2021-05-06','card'),
    (22042,13598,'2019-06-07','card'),
    (17218,35,'2020-11-23','online'),
    (10731,3200,'2019-11-02','cash'),
    (13089,8322,'2021-01-08','card'),
    (22931,6576,'2019-01-18','online'),
    (18757,19540,'2020-02-18','card'),
    (7958,6576,'2020-01-16','card'),
    (21138,23606,'2019-06-01','online'),
    (8016,23606,'2020-06-13','cash'),
    (3071,22257,'2019-09-22','card'),
    (13962,15482,'2023-08-06','cash'),
    (3578,21598,'2020-01-04','cash'),
    (17178,305,'2022-10-14','card'),
    (23534,9050,'2019-10-08','card'),
    (19261,18754,'2019-02-09','cash'),
    (453,19221,'2021-08-01','card'),
    (18076,24985,'2019-11-14','card'),
    (8431,8858,'2021-06-16','card'),
    (17849,19027,'2019-08-08','card'),
    (11541,17814,'2019-09-25','cash'),
    (24729,305,'2021-08-07','card'),
    (19234,11429,'2019-04-06','card'),
    (5320,8858,'2023-04-14','cash'),
    (3513,15755,'2022-09-26','card'),
    (6230,12212,'2022-01-04','card'),
    (19540,1667,'2023-01-10','card'),
    (6116,12689,'2023-05-24','card'),
    (9009,21364,'2023-10-10','card'),
    (24708,305,'2019-12-27','card'),
    (24440,21598,'2022-08-26','card'),
    (15909,24985,'2020-05-03','online'),
    (14892,8858,'2019-03-09','card'),
    (20848,18521,'2019-11-07','cash'),
    (6069,19509,'2021-09-20','card'),
    (2316,13518,'2022-04-05','cash'),
    (11476,16074,'2020-06-27','card'),
    (20401,21598,'2023-03-01','card'),
    (16171,800,'2022-05-26','cash'),
    (13590,18521,'2020-07-11','cash'),
    (21554,21598,'2021-12-09','card'),
    (24564,19027,'2022-06-06','card'),
    (1263,2657,'2020-11-12','card'),
    (2943,24985,'2021-11-15','cash'),
    (12465,21302,'2021-10-18','card'),
    (8326,10458,'2022-04-17','card'),
    (6895,13207,'2020-02-03','card'),
    (18927,17814,'2023-02-19','cash'),
    (343,21772,'2021-06-23','card'),
    (14795,24985,'2021-05-09','card'),
    (2540,15416,'2020-11-28','online'),
    (18336,7624,'2021-10-19','card'),
    (8200,35,'2020-12-23','card'),
    (1692,19596,'2023-05-19','card'),
    (12100,22745,'2020-02-19','card'),
    (16739,19027,'2023-05-04','card'),
    (9051,13207,'2019-04-23','card'),
    (24700,19221,'2021-10-13','cash'),
    (19417,12212,'2020-07-07','card'),
    (10124,19540,'2019-08-12','card'),
    (16481,19975,'2020-08-07','card'),
    (20158,22745,'2021-10-03','card'),
    (23107,8322,'2019-06-14','cash'),
    (1301,7747,'2021-10-15','card'),
    (4380,9050,'2020-01-11','card'),
    (12505,15482,'2023-04-20','card'),
    (4239,1667,'2019-09-15','card'),
    (7146,8322,'2022-11-22','card'),
    (22963,20352,'2023-08-27','card'),
    (24936,11429,'2022-06-20','card'),
    (20423,24985,'2019-09-03','card'),
    (6358,22731,'2019-11-20','cash'),
    (20373,800,'2021-09-17','cash'),
    (16255,13518,'2020-09-21','card'),
    (11875,19540,'2023-09-02','card'),
    (20257,23977,'2023-07-08','card'),
    (19483,22257,'2022-09-03','card'),
    (22088,305,'2023-10-06','card'),
    (17483,8322,'2021-01-04','card'),
    (7185,21772,'2019-03-08','card'),
    (1114,21772,'2021-07-25','cash'),
    (15141,8322,'2023-11-10','cash'),
    (4062,17814,'2023-09-12','cash'),
    (14355,24985,'2021-06-10','card'),
    (4313,2657,'2021-03-07','cash'),
    (16613,7624,'2021-05-07','card'),
    (17190,3200,'2020-05-23','card'),
    (468,19540,'2020-05-13','card'),
    (11158,15416,'2020-10-10','card'),
    (1558,14286,'2019-03-26','card'),
    (18021,19509,'2023-03-04','online'),
    (11653,1328,'2021-05-09','card'),
    (9698,35,'2023-09-25','card'),
    (24646,17713,'2021-02-16','online'),
    (13757,15755,'2022-12-17','cash'),
    (16075,2700,'2021-01-26','card'),
    (7458,13935,'2023-05-23','card'),
    (5826,17814,'2021-05-28','card'),
    (13207,13935,'2019-04-04','card'),
    (5087,35,'2019-10-24','card'),
    (17947,19540,'2019-09-22','cash'),
    (21616,7624,'2022-11-22','card'),
    (18818,13518,'2021-09-22','card'),
    (19896,23977,'2020-02-06','card'),
    (14191,13518,'2023-05-05','card'),
    (24748,21772,'2022-01-10','card'),
    (1600,351,'2022-06-10','card'),
    (6855,9050,'2020-04-11','card'),
    (10899,17814,'2022-07-20','card'),
    (9837,19509,'2022-01-09','card'),
    (4124,21302,'2020-03-23','card'),
    (7087,1667,'2020-11-27','card'),
    (18958,800,'2023-12-26','card'),
    (23583,17348,'2020-01-28','cash'),
    (6012,20727,'2020-10-28','cash'),
    (10330,305,'2022-09-04','card'),
    (7692,15721,'2022-08-20','card'),
    (9015,23606,'2020-09-26','card'),
    (12506,19027,'2019-10-24','card'),
    (23215,17713,'2023-01-13','card'),
    (14987,21302,'2021-11-22','cash'),
    (4736,9050,'2022-02-23','card'),
    (24136,9605,'2021-11-22','online'),
    (4075,19586,'2019-03-09','card'),
    (4587,20727,'2023-07-22','card'),
    (424,8235,'2021-09-23','cash'),
    (23559,7747,'2021-12-14','card'),
    (5033,17814,'2021-10-21','card'),
    (9699,7624,'2023-07-25','cash'),
    (4867,6576,'2020-04-20','cash'),
    (6431,16737,'2023-05-02','online'),
    (18807,21772,'2019-01-10','cash'),
    (16508,21772,'2020-02-12','card'),
    (91,19540,'2023-01-28','card'),
    (17163,21598,'2019-10-27','card'),
    (190,14286,'2020-12-05','card'),
    (4150,18754,'2020-02-03','online'),
    (19962,2700,'2020-10-04','card'),
    (16100,23606,'2022-06-21','card'),
    (11322,10458,'2023-02-19','cash'),
    (7065,35,'2020-03-14','card'),
    (7404,20727,'2022-04-13','card'),
    (22069,11429,'2019-08-11','online'),
    (12757,21302,'2022-01-09','card'),
    (22953,1667,'2022-01-26','online'),
    (6410,14286,'2022-05-03','card'),
    (8164,8235,'2022-12-04','cash'),
    (5690,8858,'2022-11-22','cash'),
    (17305,15755,'2020-11-10','card'),
    (8924,1328,'2023-08-03','card'),
    (10649,22257,'2022-07-19','card'),
    (1554,22731,'2019-10-08','online'),
    (14381,16074,'2021-10-19','card'),
    (8450,7747,'2021-05-15','cash'),
    (11351,24985,'2022-02-17','card'),
    (13993,13518,'2021-09-10','card'),
    (7391,22731,'2020-06-01','card'),
    (14838,19975,'2021-08-21','online'),
    (18775,20727,'2021-10-06','card'),
    (22873,7747,'2022-09-14','card'),
    (21442,8322,'2023-09-06','card'),
    (15650,15755,'2021-05-21','card'),
    (21834,21598,'2019-03-22','card'),
    (767,18521,'2019-12-11','card'),
    (21991,22257,'2019-07-16','cash'),
    (6084,7747,'2022-07-18','card'),
    (13692,15416,'2023-11-06','card'),
    (20449,1328,'2019-12-04','card'),
    (23500,305,'2022-09-16','card'),
    (23953,7747,'2021-02-14','cash'),
    (20118,20352,'2023-08-24','card'),
    (23088,800,'2023-05-20','card'),
    (3234,20352,'2023-07-11','card'),
    (11155,20352,'2023-07-07','card'),
    (10284,3200,'2023-01-28','cash'),
    (4478,7624,'2020-03-02','card'),
    (18816,13598,'2022-01-28','card'),
    (4774,19027,'2023-11-20','card'),
    (24858,9605,'2021-10-17','cash'),
    (18718,15416,'2020-02-12','card'),
    (15654,19596,'2022-02-25','card'),
    (11529,23977,'2022-04-25','card'),
    (14643,23977,'2020-09-08','card'),
    (18615,13647,'2020-03-27','card'),
    (1198,20352,'2020-01-26','card'),
    (18391,13647,'2023-12-21','card'),
    (5159,19221,'2020-11-06','cash'),
    (12503,13518,'2020-10-24','card'),
    (15787,7747,'2019-12-20','card'),
    (4242,19596,'2019-01-01','cash'),
    (17602,1667,'2023-02-08','card'),
    (14869,13598,'2021-09-28','card'),
    (4951,20727,'2021-01-03','card'),
    (20828,15482,'2023-02-18','card'),
    (2269,7747,'2019-11-10','card'),
    (10905,13598,'2019-10-23','card'),
    (21351,19221,'2023-01-28','card'),
    (11996,2700,'2019-12-04','card'),
    (12645,8858,'2020-10-20','card'),
    (1277,800,'2022-07-16','card'),
    (4031,16737,'2021-03-27','card'),
    (8615,16074,'2020-05-22','card'),
    (6170,8322,'2020-03-07','card'),
    (10509,15482,'2020-10-01','card'),
    (7794,7747,'2021-06-03','card'),
    (19128,21302,'2022-12-26','online'),
    (24459,18754,'2020-06-22','card'),
    (22059,11429,'2023-07-03','card'),
    (1580,2657,'2022-11-09','card'),
    (6883,13647,'2019-08-13','cash'),
    (3157,21186,'2020-09-14','card'),
    (23262,18754,'2020-04-27','cash'),
    (10299,2657,'2023-06-07','card'),
    (1257,19586,'2021-07-17','cash'),
    (8204,21186,'2020-08-13','card'),
    (20487,8858,'2020-06-26','card'),
    (7701,21772,'2020-03-13','card'),
    (10717,22048,'2019-05-06','card'),
    (7076,35,'2020-11-26','card'),
    (15564,19596,'2021-05-21','card'),
    (12389,351,'2023-08-24','card'),
    (4391,24985,'2019-01-18','card'),
    (5395,12689,'2020-07-20','card'),
    (18457,1328,'2023-11-12','online'),
    (20759,800,'2023-06-17','card'),
    (23696,9605,'2023-06-01','card'),
    (20793,1328,'2023-12-13','cash'),
    (18186,21302,'2019-08-12','card'),
    (6062,22257,'2020-10-04','card'),
    (3351,19027,'2020-03-18','card'),
    (22306,17814,'2023-04-24','card'),
    (13216,15755,'2020-05-01','card'),
    (1650,22048,'2021-07-21','card'),
    (5883,22745,'2023-05-10','card'),
    (4409,16074,'2021-10-20','card'),
    (15185,21186,'2021-05-13','card'),
    (4605,21364,'2022-02-22','cash'),
    (5646,35,'2023-11-01','card'),
    (19717,23977,'2019-10-18','card'),
    (17721,305,'2022-12-15','card'),
    (21943,6576,'2022-09-06','card'),
    (22357,21772,'2020-03-24','card'),
    (12250,19509,'2019-01-12','card'),
    (17296,22745,'2020-06-05','card'),
    (7784,305,'2021-08-18','card'),
    (6801,2700,'2020-02-10','card'),
    (4471,21186,'2022-11-05','card'),
    (19800,22731,'2023-11-06','online'),
    (20381,18754,'2021-12-19','card'),
    (19778,22731,'2021-04-14','card'),
    (21618,7747,'2021-04-12','card'),
    (9375,19975,'2021-08-15','card'),
    (6677,22048,'2021-03-16','card'),
    (13364,1667,'2019-12-25','card'),
    (11856,305,'2022-10-03','cash'),
    (16354,13207,'2022-08-04','card'),
    (9078,13598,'2019-09-19','card'),
    (4690,13647,'2021-06-17','card'),
    (788,9050,'2023-04-08','card'),
    (23421,23606,'2021-11-01','card'),
    (8681,19509,'2019-12-11','cash'),
    (13024,9605,'2023-02-21','card'),
    (4963,305,'2019-06-19','card'),
    (12918,19596,'2020-03-15','card'),
    (1283,22048,'2020-01-13','card'),
    (4870,19540,'2023-09-23','card'),
    (10861,3200,'2021-10-08','card'),
    (21333,24985,'2020-11-02','cash'),
    (9061,23977,'2023-06-22','card'),
    (22287,19509,'2021-02-01','card'),
    (5533,18754,'2019-01-28','cash'),
    (15896,13647,'2020-07-17','cash'),
    (4320,15416,'2021-01-01','card'),
    (19244,20727,'2023-07-13','card'),
    (13624,351,'2019-09-16','card'),
    (14412,2657,'2019-02-08','online'),
    (1724,17348,'2023-11-17','card'),
    (23457,9605,'2022-04-03','cash'),
    (11060,21364,'2019-10-03','card'),
    (24830,18521,'2020-01-26','cash'),
    (11922,8235,'2022-08-23','card'),
    (21506,20727,'2020-01-24','card'),
    (6591,17054,'2023-09-05','card'),
    (3243,1328,'2020-09-23','card'),
    (22372,16074,'2021-07-28','card'),
    (13155,22257,'2022-03-16','card'),
    (18803,22731,'2019-04-12','card'),
    (21734,8322,'2022-03-27','card'),
    (6574,22731,'2023-04-14','cash'),
    (11930,21772,'2020-05-16','card'),
    (16836,2657,'2020-09-08','card'),
    (18157,17348,'2023-04-20','online'),
    (21637,19221,'2019-10-12','card'),
    (2790,1328,'2020-02-20','cash');



-- 15 inserts
insert into osh.courier
(courier_id, name, gender, birthday_dt, phone, email)
values
    (21672,'Tihalt','M','1982-07-18','+70854380379','Tihalt@gmail.com'),
    (5557,'Laibrook','M','1974-03-05','+72048613542','Laibrook@gmail.com'),
    (23999,'Apollina','F','1988-10-25','+71996270531','Apollina@gmail.com'),
    (20255,'Acennan','M','1980-06-15','+75466027937','Acennan@gmail.com'),
    (642,'Kateb','M','1969-01-22','+70571146210','Kateb@gmail.com'),
    (9760,'Teyrnon','M','1975-10-21','+71364660360','Teyrnon@gmail.com'),
    (20457,'Genara','F','1972-09-28','+76385108446','Genara@gmail.com'),
    (14144,'Uzziah','M','1971-03-04','+72085912039','Uzziah@gmail.com'),
    (17139,'Machar','M','1994-12-26','+70118258256','Machar@gmail.com'),
    (24474,'Vaden','M','1992-07-04','+71995002549','Vaden@gmail.com'),
    (9075,'Cordell','M','1983-09-05','+76685518557','Cordell@gmail.com'),
    (20822,'Ailidh','F','1969-01-06','+70490790758','Ailidh@gmail.com'),
    (3252,'Kagan','M','2006-10-05','+78928510901','Kagan@gmail.com'),
    (21818,'Blayze','M','1980-02-07','+77187224350','Blayze@gmail.com'),
    (879,'Nelwin','F','1973-07-11','+76083513437','Nelwin@gmail.com');



-- 300 inserts
insert into osh.order_delivery
(order_id, courier_id)
values
    (10113,9075),
    (17389,21818),
    (13609,21672),
    (14586,5557),
    (5484,642),
    (10553,21672),
    (17933,17139),
    (22042,23999),
    (17218,20822),
    (10731,14144),
    (13089,9075),
    (22931,23999),
    (18757,21818),
    (7958,20255),
    (21138,21818),
    (8016,9760),
    (3071,17139),
    (13962,9075),
    (3578,24474),
    (17178,23999),
    (23534,879),
    (19261,17139),
    (453,23999),
    (18076,879),
    (8431,21672),
    (17849,879),
    (11541,21672),
    (24729,3252),
    (19234,879),
    (5320,20255),
    (3513,21818),
    (6230,14144),
    (19540,20457),
    (6116,20255),
    (9009,879),
    (24708,20255),
    (24440,9760),
    (15909,17139),
    (14892,20457),
    (20848,642),
    (6069,21818),
    (2316,9075),
    (11476,23999),
    (20401,879),
    (16171,20822),
    (13590,879),
    (21554,9075),
    (24564,879),
    (1263,9075),
    (2943,9760),
    (12465,5557),
    (8326,642),
    (6895,9760),
    (18927,24474),
    (343,20822),
    (14795,5557),
    (2540,5557),
    (18336,5557),
    (8200,20457),
    (1692,21818),
    (12100,23999),
    (16739,20822),
    (9051,17139),
    (24700,5557),
    (19417,20457),
    (10124,9075),
    (16481,879),
    (20158,5557),
    (23107,23999),
    (1301,24474),
    (4380,23999),
    (12505,24474),
    (4239,17139),
    (7146,17139),
    (22963,21672),
    (24936,9075),
    (20423,3252),
    (6358,20822),
    (20373,23999),
    (16255,5557),
    (11875,20822),
    (20257,20822),
    (19483,9760),
    (22088,20457),
    (17483,3252),
    (7185,20255),
    (1114,9760),
    (15141,23999),
    (4062,24474),
    (14355,24474),
    (4313,3252),
    (16613,17139),
    (17190,3252),
    (468,21672),
    (11158,17139),
    (1558,21818),
    (18021,20457),
    (11653,20457),
    (9698,9075),
    (24646,17139),
    (13757,21818),
    (16075,14144),
    (7458,9075),
    (5826,5557),
    (13207,24474),
    (5087,20255),
    (17947,5557),
    (21616,5557),
    (18818,20457),
    (19896,20822),
    (14191,21672),
    (24748,20255),
    (1600,14144),
    (6855,23999),
    (10899,9760),
    (9837,24474),
    (4124,9760),
    (7087,20457),
    (18958,21672),
    (23583,21672),
    (6012,21672),
    (10330,20255),
    (7692,9075),
    (9015,20457),
    (12506,20255),
    (23215,20457),
    (14987,21672),
    (4736,642),
    (24136,24474),
    (4075,20457),
    (4587,17139),
    (424,14144),
    (23559,3252),
    (5033,24474),
    (9699,23999),
    (4867,9760),
    (6431,14144),
    (18807,20457),
    (16508,879),
    (91,20255),
    (17163,24474),
    (190,5557),
    (4150,21818),
    (19962,24474),
    (16100,9075),
    (11322,21672),
    (7065,3252),
    (7404,642),
    (22069,642),
    (12757,17139),
    (22953,642),
    (6410,879),
    (8164,3252),
    (5690,20822),
    (17305,21672),
    (8924,20457),
    (10649,23999),
    (1554,21672),
    (14381,23999),
    (8450,879),
    (11351,879),
    (13993,17139),
    (7391,23999),
    (14838,20457),
    (18775,23999),
    (22873,5557),
    (21442,17139),
    (15650,24474),
    (21834,21672),
    (767,20457),
    (21991,21672),
    (6084,23999),
    (13692,24474),
    (20449,879),
    (23500,21818),
    (23953,23999),
    (20118,879),
    (23088,20822),
    (3234,21672),
    (11155,24474),
    (10284,20457),
    (4478,21672),
    (18816,21672),
    (4774,20822),
    (24858,9075),
    (18718,17139),
    (15654,20255),
    (11529,9075),
    (14643,20457),
    (18615,23999),
    (1198,17139),
    (18391,5557),
    (5159,3252),
    (12503,21672),
    (15787,879),
    (4242,20457),
    (17602,9760),
    (14869,879),
    (4951,17139),
    (20828,24474),
    (2269,642),
    (10905,20255),
    (21351,20822),
    (11996,23999),
    (12645,5557),
    (1277,23999),
    (4031,9075),
    (8615,23999),
    (6170,642),
    (10509,24474),
    (7794,642),
    (19128,14144),
    (24459,9075),
    (22059,9760),
    (1580,9760),
    (6883,17139),
    (3157,14144),
    (23262,14144),
    (10299,20822),
    (1257,642),
    (8204,24474),
    (20487,9760),
    (7701,879),
    (10717,642),
    (7076,14144),
    (15564,14144),
    (12389,9760),
    (4391,20822),
    (5395,20255),
    (18457,21672),
    (20759,20822),
    (23696,14144),
    (20793,24474),
    (18186,20255),
    (6062,21672),
    (3351,24474),
    (22306,5557),
    (13216,5557),
    (1650,20255),
    (5883,24474),
    (4409,20457),
    (15185,642),
    (4605,20822),
    (5646,5557),
    (19717,21818),
    (17721,23999),
    (21943,5557),
    (22357,14144),
    (12250,9760),
    (17296,21672),
    (7784,21818),
    (6801,21672),
    (4471,3252),
    (19800,9075),
    (20381,642),
    (19778,9760),
    (21618,14144),
    (9375,21672),
    (6677,21818),
    (13364,14144),
    (11856,21672),
    (16354,23999),
    (9078,23999),
    (4690,20457),
    (788,642),
    (23421,14144),
    (8681,20255),
    (13024,23999),
    (4963,20457),
    (12918,20457),
    (1283,5557),
    (4870,642),
    (10861,20457),
    (21333,3252),
    (9061,14144),
    (22287,21672),
    (5533,642),
    (15896,5557),
    (4320,20457),
    (19244,642),
    (13624,5557),
    (14412,5557),
    (1724,5557),
    (23457,642),
    (11060,14144),
    (24830,20255),
    (11922,879),
    (21506,14144),
    (6591,5557),
    (3243,20255),
    (22372,23999),
    (13155,21818),
    (18803,3252),
    (21734,20457),
    (6574,17139),
    (11930,21672),
    (16836,20255),
    (18157,20822),
    (21637,21672),
    (2790,3252);



-- 8 inserts
insert into osh.manufacturer
(manufacturer_nm, phone, email, country)
values
    ('Promobot','+79844108076','Promobot@gmail.com','Russia'),
    ('Regatop','+79936626663','Regatop@gmail.com','China'),
    ('Veon','+78151400472','Veon@gmail.com','Russia'),
    ('Polar','+78635227899','Apple@gmail.com','Poland'),
    ('Megaless','+77521541907','Megaless@gmail.com','Belarus'),
    ('Apple','+78472609881','Apple@gmail.com','USA'),
    ('Shevel','+78968777733','Shevel@gmail.com','Belarus'),
    ('Tesavorics','+75247623085','Tesavorics@gmail.com','China');



-- 8 inserts
insert into osh.category
(category_nm, creation_dt)
values
    ('phones','2019-05-16'),
    ('laptops','2020-05-26'),
    ('electronics','2019-05-15'),
    ('sport','2017-11-14'),
    ('appliances','2020-10-02'),
    ('construction','2020-01-25'),
    ('food','2020-07-24'),
    ('auto','2018-03-30');



-- 30 inserts
insert into osh.product
(product_hist_id, product_id, name, category_nm, price, manufacturer_nm, rating, valid_from_dt, valid_to_dt)
values
    (12013,6327,'Lenovo Legion 10','laptops',111000.00,'Shevel',3,'2022-03-22','2022-10-20'),
    (5920,6327,'Lenovo Legion 10','laptops',95900.00,'Shevel',5,'2022-10-21','9999-12-31'),
    (15379,12738,'Lavinia Boho','construction',73000.00,'Veon',2,'2022-05-07','9999-12-31'),
    (1013,32179,'Air Pods 4','appliances',72900.00,'Regatop',2,'2022-02-20','9999-12-31'),
    (3372,12333,'Nokia Light 1','electronics',97000.00,'Megaless',3,'2022-12-23','9999-12-31'),
    (20273,9878,'Iphone 27','phones',124000.00,'Megaless',5,'2022-12-03','2023-02-10'),
    (5714,9878,'Iphone 27','phones',105000.00,'Megaless',4,'2023-02-11','9999-12-31'),
    (9558,5443,'Esmeralda Cake','food',1299.00,'Regatop',2,'2022-06-12','9999-12-31'),
    (3661,643,'Lobster','food',1499.00,'Megaless',4,'2022-05-11','9999-12-31'),
    (23210,8545,'Nephropidae','food',112000.00,'Promobot',2,'2022-10-18','9999-12-31'),
    (9399,3423,'Macbook Air 15','laptops',214000.00,'Regatop',4,'2022-10-19','2022-11-25'),
    (19503,3423,'Macbook Air 15','laptops',232000.00,'Regatop',5,'2022-11-26','9999-12-31'),
    (3663,3453,'Iron Philips GC117','electronics',7800.00,'Veon',4,'2022-07-05','2022-12-14'),
    (16231,3453,'Iron Philips GC117','electronics',8600.00,'Veon',3,'2022-12-15','9999-12-31'),
    (6867,8455,'Beef Steak','food',1800.00,'Veon',5,'2022-07-17','9999-12-31'),
    (16970,9975,'MI8 Extra','phones',70000.00,'Tesavorics',3,'2022-03-16','9999-12-31'),
    (2029,6543,'Horizont H-book Ultra','laptops',144000.00,'Regatop',5,'2022-06-15','9999-12-31'),
    (17153,9654,'Watch 5 Active','electronics',44000.00,'Tesavorics',3,'2022-12-23','9999-12-31'),
    (18886,3342,'Fridge Door Cooling','appliances',43000.00,'Tesavorics',2,'2022-06-15','9999-12-31'),
    (7249,7333,'Black Caviar','food',4100.00,'Tesavorics',1,'2022-02-17','9999-12-31'),
    (15695,4234,'Fridge Electrolux','appliances',181000.00,'Promobot',4,'2022-11-06','9999-12-31'),
    (19013,3344,'Washing Mashine Regatop F2J3','appliances',76000.00,'Regatop',1,'2022-12-23','9999-12-31'),
    (16978,75443,'Bath Veon One G67','construction',111000.00,'Veon',2,'2022-02-05','9999-12-31'),
    (23617,8443,'Royal Melon','food',1900.00,'Shevel',1,'2022-11-18','9999-12-31'),
    (10373,87646,'Stove Veon GS-3W','electronics',69000.00,'Veon',3,'2022-03-13','9999-12-31'),
    (10781,35633,'Note 7 Breezy','phones',21000.00,'Regatop',3,'2022-04-04','9999-12-31'),
    (8194,7563,'Fridge Promobot 17','appliances',47000.00,'Promobot',2,'2022-03-10','2023-02-04'),
    (21192,75364,'Regatop Rono8 T 5G','phones',56500.00,'Regatop',3,'2022-05-07','9999-12-31'),
    (245,4356,'Washing Machine Tesavorics WAN89','appliances',13000.00,'Tesavorics',5,'2022-04-27','9999-12-31'),
    (15251,5252,'Regatop MateBook Y16 pro','laptops',30000.00,'Regatop',5,'2022-02-14','2022-11-01');


-- 300 inserts
insert into osh.product_in_order
(order_id, product_id, count)
values
    (10113,15251,2),
    (17389,10781,1),
    (13609,16978,3),
    (14586,16231,2),
    (5484,3663,1),
    (10553,19503,2),
    (17933,12013,2),
    (22042,6867,1),
    (17218,16978,1),
    (10731,7249,2),
    (13089,15379,1),
    (22931,16970,2),
    (18757,18886,3),
    (7958,23210,3),
    (21138,23617,1),
    (8016,23210,1),
    (3071,7249,2),
    (13962,5920,2),
    (3578,23617,3),
    (17178,1013,3),
    (23534,15251,1),
    (19261,16231,3),
    (453,19503,1),
    (18076,12013,1),
    (8431,15251,2),
    (17849,1013,1),
    (11541,5920,2),
    (24729,16970,1),
    (19234,18886,3),
    (5320,12013,3),
    (3513,20273,2),
    (6230,3663,3),
    (19540,19503,1),
    (6116,23617,1),
    (9009,16978,3),
    (24708,10373,3),
    (24440,19013,2),
    (15909,245,2),
    (14892,15251,1),
    (20848,19013,2),
    (6069,16231,3),
    (2316,15251,1),
    (11476,18886,3),
    (20401,15251,3),
    (16171,2029,3),
    (13590,9558,3),
    (21554,1013,1),
    (24564,17153,3),
    (1263,3663,1),
    (2943,1013,1),
    (12465,16978,1),
    (8326,3661,1),
    (6895,245,2),
    (18927,6867,1),
    (343,1013,3),
    (14795,19013,1),
    (2540,3661,1),
    (18336,7249,3),
    (8200,3661,2),
    (1692,23617,2),
    (12100,3372,3),
    (16739,12013,1),
    (9051,16231,2),
    (24700,16978,3),
    (19417,3663,3),
    (10124,10373,1),
    (16481,9558,3),
    (20158,5714,2),
    (23107,15379,3),
    (1301,9558,1),
    (4380,19013,2),
    (12505,16231,2),
    (4239,3661,2),
    (7146,12013,2),
    (22963,10373,1),
    (24936,15695,3),
    (20423,9399,2),
    (6358,19013,3),
    (20373,5714,1),
    (16255,3372,1),
    (11875,10373,1),
    (20257,16978,2),
    (19483,23617,1),
    (22088,19503,2),
    (17483,2029,3),
    (7185,1013,3),
    (1114,18886,3),
    (15141,8194,3),
    (4062,19013,1),
    (14355,1013,2),
    (4313,10781,3),
    (16613,1013,2),
    (17190,9558,2),
    (468,5920,3),
    (11158,15379,1),
    (1558,18886,2),
    (18021,3661,1),
    (11653,17153,1),
    (9698,20273,3),
    (24646,17153,1),
    (13757,9399,2),
    (16075,12013,1),
    (7458,19503,3),
    (5826,15379,2),
    (13207,9558,3),
    (5087,3372,3),
    (17947,16978,1),
    (21616,17153,1),
    (18818,5920,2),
    (19896,19013,1),
    (14191,15695,3),
    (24748,1013,3),
    (1600,245,2),
    (6855,2029,3),
    (10899,17153,2),
    (9837,19503,2),
    (4124,2029,1),
    (7087,9558,3),
    (18958,15695,2),
    (23583,9399,1),
    (6012,9558,2),
    (10330,2029,2),
    (7692,10373,2),
    (9015,7249,2),
    (12506,16970,2),
    (23215,3372,2),
    (14987,15695,1),
    (4736,19013,1),
    (24136,10373,3),
    (4075,15695,2),
    (4587,8194,3),
    (424,3372,2),
    (23559,16978,1),
    (5033,15251,1),
    (9699,21192,3),
    (4867,23617,3),
    (6431,16231,1),
    (18807,8194,1),
    (16508,7249,2),
    (91,16978,2),
    (17163,8194,1),
    (190,8194,3),
    (4150,15251,2),
    (19962,7249,1),
    (16100,1013,2),
    (11322,245,1),
    (7065,2029,3),
    (7404,23617,2),
    (22069,1013,3),
    (12757,20273,2),
    (22953,3663,2),
    (6410,15695,2),
    (8164,15379,1),
    (5690,17153,3),
    (17305,5714,2),
    (8924,17153,1),
    (10649,20273,2),
    (1554,16970,2),
    (14381,5714,3),
    (8450,15695,2),
    (11351,5920,1),
    (13993,19503,1),
    (7391,3663,2),
    (14838,17153,2),
    (18775,16231,2),
    (22873,1013,2),
    (21442,16970,2),
    (15650,9558,2),
    (21834,15695,2),
    (767,3372,2),
    (21991,8194,1),
    (6084,7249,2),
    (13692,15251,1),
    (20449,6867,2),
    (23500,16231,3),
    (23953,5714,3),
    (20118,15695,2),
    (23088,5714,2),
    (3234,18886,3),
    (11155,9399,1),
    (10284,10781,2),
    (4478,16978,1),
    (18816,3663,1),
    (4774,16970,1),
    (24858,15251,3),
    (18718,8194,3),
    (15654,18886,1),
    (11529,10781,3),
    (14643,15379,2),
    (18615,10781,3),
    (1198,10781,2),
    (18391,18886,1),
    (5159,19013,1),
    (12503,8194,3),
    (15787,16970,2),
    (4242,16231,2),
    (17602,10781,2),
    (14869,5920,2),
    (4951,15251,1),
    (20828,2029,1),
    (2269,1013,3),
    (10905,5714,3),
    (21351,12013,1),
    (11996,23210,3),
    (12645,17153,2),
    (1277,15379,1),
    (4031,15379,3),
    (8615,18886,3),
    (6170,23617,1),
    (10509,19503,2),
    (7794,3372,2),
    (19128,20273,3),
    (24459,18886,2),
    (22059,8194,1),
    (1580,16978,1),
    (6883,5714,2),
    (3157,15379,2),
    (23262,23617,3),
    (10299,9399,2),
    (1257,16978,3),
    (8204,19503,1),
    (20487,1013,3),
    (7701,9558,1),
    (10717,3661,2),
    (7076,15379,1),
    (15564,15251,3),
    (12389,15251,2),
    (4391,10373,2),
    (5395,16970,3),
    (18457,1013,2),
    (20759,2029,2),
    (23696,245,1),
    (20793,20273,2),
    (18186,3372,3),
    (6062,245,1),
    (3351,3663,3),
    (22306,6867,2),
    (13216,3663,2),
    (1650,19503,1),
    (5883,15695,2),
    (4409,17153,1),
    (15185,245,3),
    (4605,3663,2),
    (5646,17153,2),
    (19717,12013,3),
    (17721,245,2),
    (21943,21192,2),
    (22357,10373,2),
    (12250,23617,2),
    (17296,245,1),
    (7784,15379,2),
    (6801,19013,3),
    (4471,21192,3),
    (19800,245,3),
    (20381,1013,1),
    (19778,1013,2),
    (21618,2029,2),
    (9375,12013,1),
    (6677,23617,3),
    (13364,10781,3),
    (11856,2029,3),
    (16354,17153,1),
    (9078,5920,1),
    (4690,15251,2),
    (788,23210,2),
    (23421,245,1),
    (8681,16231,1),
    (13024,3372,1),
    (4963,1013,2),
    (12918,10781,3),
    (1283,23210,3),
    (4870,15379,1),
    (10861,12013,3),
    (21333,15695,1),
    (9061,5920,3),
    (22287,8194,2),
    (5533,16978,2),
    (15896,19503,2),
    (4320,7249,3),
    (19244,23617,2),
    (13624,8194,1),
    (14412,19013,2),
    (1724,15695,1),
    (23457,12013,3),
    (11060,245,1),
    (24830,1013,1),
    (11922,7249,1),
    (21506,20273,3),
    (6591,23210,3),
    (3243,23210,2),
    (22372,2029,2),
    (13155,1013,1),
    (18803,1013,3),
    (21734,19503,1),
    (6574,3661,3),
    (11930,3372,3),
    (16836,3663,3),
    (18157,23617,3),
    (21637,20273,3),
    (2790,12013,2);
